콘텐츠명,등급,장애인전용객실여부,애완동물동반허용여부,조식제공여부,부대시설기타,LATE체크인여부,셔틀버스운행여부
나쿠펜다 제주,0,X,X,X,정보 없음,X,X
제주엘루이호텔,0,X,X,X,정보 없음,X,X
아인스호텔,0,X,X,X,정보 없음,X,X
씨스테이호텔,0,X,X,X,정보 없음,X,X
썬라이즈호텔,0,X,X,X,정보 없음,X,X
하도리민박,0,X,X,X,정보 없음,X,X
갤러리 호텔 비앤비,0,X,X,X,정보 없음,X,X
베스트웨스턴 제주 호텔,0,X,X,X,정보 없음,X,X
라마다제주시티홀,0,X,X,X,정보 없음,X,X
배배게스트하우스,0,X,X,X,정보 없음,X,X
마레보 리조트,0,X,X,X,정보 없음,X,X
푸른솔맑은향,0,X,X,X,정보 없음,X,X
샤모니리조트,0,X,X,X,정보 없음,X,X
홍익제주호텔,0,X,X,X,정보 없음,X,X
라마다앙코르 서귀포 이스트 호텔,0,X,X,X,정보 없음,X,X
동원호텔,0,X,X,X,정보 없음,X,X
제주카라반,0,X,X,X,정보 없음,X,X
아이랑 키즈풀빌라,0,X,X,X,정보 없음,X,X
다노이커플펜션,0,X,X,X,정보 없음,X,X
돌집조앤정,0,X,X,X,정보 없음,X,X
루하우스,0,X,X,X,정보 없음,X,X
호텔컬리넌제주,2,X,X,X,정보 없음,X,X
해호텔,0,X,X,X,정보 없음,X,X
일출봉관광호텔,0,X,X,X,정보 없음,X,X
올레관광호텔,0,X,X,X,정보 없음,X,X
소라담하우스,0,X,X,X,정보 없음,X,X
엠버리조트,0,X,X,X,정보 없음,X,X
달빛고운펜션,0,X,X,X,정보 없음,X,X
이린펜션,0,X,X,X,정보 없음,X,X
제주풍경하우스,0,X,X,X,정보 없음,X,X
제주해안휴양펜션(제주해안펜션),0,X,X,X,정보 없음,X,X
아마레펜션,0,X,X,X,정보 없음,X,X
아프리카게스트하우스,0,X,X,X,정보 없음,X,X
북마크하우스&카페,0,X,X,X,정보 없음,X,X
바다애펜션,0,X,X,X,정보 없음,X,X
플라마 펜션,0,X,X,X,정보 없음,X,X
미소가펜션,0,X,X,X,정보 없음,X,X
사계여행민박,0,X,X,X,정보 없음,X,X
허브올레펜션,0,X,X,X,정보 없음,X,X
더포그레이스호텔앤리조트,4,O,X,O,급속 전기차 충전소,O,X
달콤한아침,0,X,X,X,정보 없음,X,X
우진샘펜션,0,X,X,X,정보 없음,X,X
제주락,0,X,X,X,정보 없음,X,X
수상한소금밭게스트하우스,0,X,X,X,정보 없음,X,X
스토리인제주게스트하우스,0,X,X,X,정보 없음,X,X
아리스토캣펜션,0,X,X,X,정보 없음,X,X
몽마르뜨펜션,0,X,X,X,정보 없음,X,X
서귀포 늘바다 애견동반펜션,0,X,X,X,정보 없음,X,X
제주도연게스트하우스,0,X,X,X,제주도모퉁이스낵연회장,X,X
마이하프타임펜션,0,X,X,X,정보 없음,X,X
브라운 스위트 제주 호텔 & 리조트,0,O,X,O,정보 없음,O,X
그림리조트,0,X,X,X,정보 없음,X,X
두리안펜션,0,X,X,X,정보 없음,O,X
수상한집 광보네,0,X,X,X,정보 없음,O,X
추자섬민박,0,X,X,O,정보 없음,O,X
에코하우스민박펜션,0,X,X,O,정보 없음,O,O
이레민박,0,X,X,O,정보 없음,O,O
갤러리민박,0,X,O,X,정보 없음,O,O
추자바다25시,0,X,X,O,정보 없음,O,O
아이콘민박,0,X,X,O,노래방,O,O
대물민박,0,X,O,O,정보 없음,O,O
스테이 협재10길 ,0,X,X,X,정보 없음,X,X
마눌펜션,0,X,X,X,정보 없음,O,X
머무름민박,0,X,X,X,정보 없음,X,X
쌩텀펜션원,0,X,X,X,200여 평 유럽풍 정원,O,X
중문진실캠핑장,0,X,X,X,정보 없음,O,X
이뻬게스트하우스,0,X,X,X,정보 없음,O,X
헌치 게스트하우스,0,X,X,X,베란다 / 화장실 / TV / 냉장고 / 옷걸이 / 거울 / 선풍기 / 에어컨 / 샴푸 / 바디샴푸 / 수건 / 생수 / 비상벨 / 비상전등 / 소화기 등,O,X
골든파크 호텔,2,O,X,O,조식 식당,O,X
그랜드메르호텔,2,O,X,O,정보 없음,O,X
북촌플레이스,0,X,X,X,정보 없음,X,X
사계절민박,0,X,X,O,정보 없음,O,O
황재여관,0,X,X,X,정보 없음,O,X
아름다운펜션민박,0,X,O,X,정보 없음,O,O
나바론 민박,0,X,X,O,정보 없음,O,O
내사랑추자야펜션민박,0,X,O,O,정보 없음,O,O
동일민박,0,X,X,O,정보 없음,O,X
펜션 수망가라,0,X,O,X,주차장,O,X
호텔 시리우스 제주,4,O,X,O,정보 없음,O,X
바람스테이,0,X,X,X,정보 없음,X,X
여울목 펜션,0,X,X,X,정보 없음,O,X
밭담사이,0,X,O,X,정보 없음,O,X
여울목 펜션(강정동),0,X,X,X,정보 없음,O,X
라마다앙코르 서귀포호텔,4,O,X,X,정보 없음,O,X
그랜드밀리언스 호텔 인 서귀포,0,O,X,O,정보 없음,O,X
해녀신춘자할망 민박,0,X,X,X,정보 없음,X,X
토토하우스,0,X,O,X,키즈룸,O,X
틸다하우스,0,X,X,O,"모래놀이터,실내놀이터,실내도서관",O,X
청정고을민박,0,X,X,O,정보 없음,X,X
제주 벨루가,0,X,X,X,"공용 게임장, 노래방, 골프 야구연습장, 축구, 낚시대 무료대여",X,X
그랜드 하얏트 제주,5,O,X,O,"라운지, 키즈 아케이드",X,X
그랜드 조선 제주,5,O,X,O,정보 없음,X,X
월정에비뉴,0,X,X,O,정보 없음,X,X
리틀해녀 ,3,X,X,X,정보 없음,X,X
521 게스트 하우스,0,X,X,X,정보 없음,O,X
 제주치유숲 Global Ageing 치유농장,0,X,O,X,정보 없음,O,X
체이슨호텔 더 리드,0,X,X,O,스마트오피스,X,X
스마일모텔,0,X,X,X,정보 없음,X,X
신화관 제주신화월드 호텔 앤 리조트,0,X,X,X,정보 없음,O,O
켄싱턴리조트 서귀포,4,X,X,O,"키즈라운지, 펀스테이션, 해수사우나, 세탁실, 노래방, 편의점",O,X
제주유스호스텔,0,O,X,O,500명 수용 공연장,O,X
추자도민박,0,X,X,O,정보 없음,O,O
여정여관,0,X,X,X,정보 없음,O,X
제주머무리,0,X,X,X,농장둘레길,O,X
클럽ES리조트 제주,0,O,X,O,"게임룸, 키즈룸, 어린이놀이터, 숲쉼터,편의점",O,X
호텔 앨리스앤트렁크,4,O,X,X,바,O,X
빌라비하우스,0,X,X,X,정보 없음,X,X
공감민박,0,X,X,X,정보 없음,O,X
더오라,0,X,X,X,정보 없음,O,X
심스호텔,3,O,X,O,정보 없음,X,X
뚜르드제주,0,X,X,X,카페,X,X
시니스테이 민박,0,X,X,X,"1층 로비(숙박하시는 분들 아침식사 장소 및 식음료장, 단체손님들 세미나실로 활용 가능)",O,X
무뚱하우스,0,X,O,X,"뱌베큐, 세탁기, 월풀, 애기의자, ",O,O
스카이 힐 비지니스호텔,3,O,X,X,정보 없음,O,X
제주부영청소년수련원,0,O,X,X,정보 없음,X,X
온평가 민박,0,X,X,X,정보 없음,O,X
한담풍경하우스,0,O,X,X,사무실옆 세탁실사용가능,O,X
씨사이드아덴,0,O,X,X,객실 내 취사가능,O,X
빠레브호텔,4,X,X,X,정보 없음,X,X
더큐브리조트 제주,3,O,X,O,정보 없음,X,X
힐파크모텔,0,X,X,X,정보 없음,O,X
청재설헌,0,X,X,X,정보 없음,X,X
제주밭담숲,0,X,X,X,정보 없음,X,X
더그랜드섬오름,4,O,X,O,정보 없음,X,X
보로미 민박,0,X,X,X,정보 없음,O,X
더포그레이스 호텔앤리조트,4,O,X,O,급속 전기차 충전소,O,X
김군아미고게스트하우스,0,X,X,X,"주차장, 파티룸",O,X
제주공항 게스트하우스 예스준,0,X,X,X,"레스토랑, 카페, 펍, 제주감성소품샵",O,X
태성민박,0,X,X,O,정보 없음,O,O
김선장네 민박,0,X,X,X,정보 없음,O,O
밀물민박,0,X,X,O,정보 없음,O,O
유심이감성하우스민박,0,X,X,O,정보 없음,O,O
 에코랜드호텔,5,X,X,X,정보 없음,X,X
인추자커피앤민박,0,X,X,X,정보 없음,O,X
뉴아일랜드민박,0,X,X,O,정보 없음,O,O
추사랑민박,0,X,X,O,정보 없음,O,O
추자도휴양펜션,0,X,X,O,정보 없음,O,O
별장민박,0,X,X,O,정보 없음,O,X
그린민박,0,X,X,O,정보 없음,O,O
다미네민박,0,X,X,X,정보 없음,O,O
레몬이네 민박,0,X,X,O,정보 없음,O,O
조은민박,0,X,X,O,정보 없음,O,O
신등대민박,0,X,X,O,정보 없음,O,X
물돌이민박,0,X,X,O,정보 없음,O,O
케니스토리 인 서귀포 ,0,X,X,O,도서관,O,X
제주둥지펜션,0,X,X,X,"온수수영장, 산양먹이주기체험",O,X
제주소풍(월정리),0,X,X,X,정보 없음,X,X
골드원?호텔 & 스위트,4,X,X,X,정보 없음,X,X
제주올레돔,0,X,X,X,정보 없음,X,X
협재해오름펜션,0,X,X,X,주방조리가능,X,X
이안재 ,0,X,X,X,정보 없음,X,X
다락마마,0,X,X,X,정보 없음,O,X
한림 퐁낭하우스 펜션,0,X,O,X,정보 없음,X,X
d,0,X,X,X,정보 없음,X,X
동복리671,1,X,X,X,기타궁금한거문의주세요,O,X
슬로우리제주 민박,0,X,X,X,정보 없음,O,X
호텔서귀피안,0,X,X,O,정보 없음,O,X
고려민박,0,X,O,X,정보 없음,O,O
추자피싱랜드,0,X,X,O,정보 없음,O,O
레드우드하우스,0,X,X,X,"개인욕실, 에어컨, 온풍기, 침대, 테이블, 샤워용품, 정원",O,X
엔젤하우스 펜션,0,X,O,X,"카페휴게실,",O,X
피디스테이션,0,X,X,X,무료 주차장,O,X
콤포스텔라 별들의들판,0,X,X,X,자전거 대여,O,X
파도봐펜션,0,X,O,X,퍼터연습장,X,X
돌담길,0,X,X,O,정보 없음,O,X
밧돌펜션하우스,0,X,X,X,정보 없음,X,X
민박집섶낭,0,X,X,X,"에어컨, 냉장고, 드럼세탁기, 전기쿡탑, 전기포트, 각종 주방용품 및 욕실용품, 책들, 커피, 블루투스스피커 등",O,X
경소하라하우스 제주독채펜션,0,X,X,X,"밖거리(키친동),55인치 텔레비젼, 오락실 게임기, 기가지니",O,X
오후여섯시펜션,0,X,X,X,1층 카페/ 옥상전망대/야외바베큐장,X,X
호텔아로하,0,X,X,X,정보 없음,X,X
봉골레 하우스 민박,0,X,X,O,정보 없음,O,O
태흥여관,0,X,X,X,정보 없음,O,X
유창민박,0,X,X,O,정보 없음,O,O
등대민박,0,X,X,O,정보 없음,O,X
우연히 행복해지다 펜션,0,X,X,X,정보 없음,X,X
바다와자전거 게스트하우스,0,X,X,X,정보 없음,X,X
제주토비스콘도,3,X,X,O,"한식당, 노래방, 편의점, 족구장",X,X
돌담한길펜션,0,X,X,X,정보 없음,X,X
돌꽃펜션,0,X,X,X,정보 없음,X,X
씨오르리조트,0,X,X,O,"노래연습장, 매점",X,X
씨스테이 리틀해녀 블루,3,X,X,X,정보 없음,X,X
제주나인리조트,2,X,X,X,정보 없음,X,X
헤이 서귀포,0,X,X,X,정보 없음,X,X
파르나스 호텔 제주,5,O,X,O,정보 없음,O,X
호텔 징크,0,X,X,X,정보 없음,O,X
누울,0,X,X,X,정보 없음,X,X
스___,0,X,X,X,정보 없음,X,X
옛마을펜션,0,X,O,X,정보 없음,X,X
소노캄제주(미공개),0,X,O,X,정보 없음,X,X
산방산파크텔,0,X,O,X,정보 없음,O,O
누구하나,0,X,X,X,정보 없음,O,X
오션패밀리호텔,2,X,X,X,정보 없음,X,X
블룸호텔,0,X,X,X,정보 없음,X,X
코쿤호텔,0,X,X,X,정보 없음,X,X
호텔 캘리포니아 제주,0,X,X,X,정보 없음,X,X
비스타케이호텔월드컵,0,X,X,X,정보 없음,X,X
씨앤하우스,0,X,X,X,정보 없음,X,X
벙커호텔앤리조트,0,X,X,X,정보 없음,X,X
제주리시온관광호텔,1,X,X,X,정보 없음,X,X
제주아이니,0,X,X,X,정보 없음,X,X
히든스테이,0,X,X,X,정보 없음,X,X
쉼멍스테이,0,X,O,X,정보 없음,X,X
캐슬드한림미사용,0,X,X,X,노천탕,O,X
369펜션,0,X,X,X,정보 없음,X,X
소노벨제주,0,X,O,X,정보 없음,X,X
명상가의집,3,X,O,X,정보 없음,X,X
제주폴리폴리,0,X,X,X,정보 없음,X,X
올레리조트,0,X,X,X,정보 없음,X,X
산방산호텔,0,X,X,X,정보 없음,X,X
포트애비뉴,0,X,X,X,정보 없음,X,X
토리코티지X하시시박,0,X,X,X,정보 없음,X,X
디앤디파트먼트 제주 droom,0,X,X,X,정보 없음,X,X
캠파제주,0,X,O,X,정보 없음,X,X
중복 미공개,0,O,X,O,정보 없음,O,X
더오크라호텔,2,X,X,X,로비 내 무인편의점,O,X
메종드씨엘하버39호텔,3,X,X,X,정보 없음,X,X
오션갤러리호텔앤리조트,0,X,X,X,정보 없음,X,X
켄싱턴리조트 제주중문,0,X,X,X,정보 없음,X,X
하이제주호텔,0,X,O,X,정보 없음,X,X
아이미 제주비치 호텔,0,X,X,X,정보 없음,X,X
코업시티호텔성산,0,X,X,X,정보 없음,X,X
헤세드하우스,0,X,X,X,정보 없음,X,X
라헨느리조트,0,X,X,X,정보 없음,X,X
월령채,0,X,X,X,정보 없음,X,X
코사이어티 빌리지 제주,0,X,X,X,정보 없음,X,X
야크마을,0,O,O,O,정보 없음,O,X
월령지헌,0,X,X,X,정보 없음,X,X
유수암캠핑장,0,X,O,X,정보 없음,X,X
채우리네펜션,0,X,O,X,정보 없음,X,X
삭제요청 4,0,X,O,X,정보 없음,X,X
이디완,0,X,X,X,정보 없음,X,X
제주오션뷰펜션,0,X,X,X,공용세탁실,X,X
탑아일랜드호텔,2,X,X,X,로비 내 편의점,O,X
용수차경,0,X,X,X,정보 없음,X,X
노티드 제주,0,X,X,X,정보 없음,X,X
오크하우스,0,X,X,X,"캠핑공간 이용, 바베큐 이용, 캠핑장비대여",X,X
에스케이핀크스 주식회사,0,O,X,O,"테니스장, 북카페, 온천",O,X
ddd,0,X,X,X,정보 없음,X,X
아띠랑스 풀앤스파 호텔,0,X,X,X,정보 없음,X,X
하늘만큼 땅만큼 펜션,0,X,X,X,정보 없음,X,X
서귀포힐즈호텔,0,O,X,X,정보 없음,O,X
연미동산 민박,0,X,X,X,정보 없음,X,X
고산별곡,0,X,X,X,정보 없음,X,X
빌라사계,0,X,X,X,정보 없음,X,X
임진고택,0,X,X,X,정보 없음,X,X
북극에서 만나 행복하자,0,X,X,X,정보 없음,X,X
곁겹,0,X,X,X,정보 없음,X,X
구르미별동,5,X,X,X,정보 없음,O,X
시루네펜션,0,X,O,X,정보 없음,X,X
에퀴녹스 드 협재 펜션,0,X,O,X,정보 없음,X,X
용산제주유스호스텔,0,X,X,O,"세탁실, 노래방, 탁구장, 당구장, 트렘폴린, 플레이스테이션",O,X
중복중복____________,0,X,O,X,정보 없음,O,X
우연한동,0,X,X,X,정보 없음,X,X
디셈버호텔,0,X,X,X,정보 없음,X,X
제주 빠레브호텔,4,X,X,X,정보 없음,X,X
제주신라호텔,0,X,X,X,정보 없음,X,X
스위트호텔 제주,0,X,X,X,정보 없음,X,X
라마다프라자 제주호텔,0,X,X,X,정보 없음,O,X
CS빌리지,0,X,X,X,정보 없음,X,X
루스톤빌라앤호텔,0,X,X,X,정보 없음,X,X
하니크라운호텔,0,X,X,X,정보 없음,X,X
브리즈베이호텔,0,X,X,X,정보 없음,X,X
클레멘타인,0,X,X,X,정보 없음,X,X
세화리움,0,X,X,X,정보 없음,X,X
세화맨션,0,X,X,X,정보 없음,X,X
흰수염고래리조트,0,X,X,X,정보 없음,X,X
하늘고래블루,0,X,X,X,정보 없음,X,X
유러하우스,0,X,X,X,정보 없음,X,X
서귀포통나무집,0,X,X,X,정보 없음,X,X
밀레니엄빌,0,X,X,X,정보 없음,X,X
란펜션,0,X,X,X,정보 없음,X,X
오션트리,0,X,X,X,정보 없음,X,X
용두암빌리지,0,X,X,X,정보 없음,X,X
실크로드펜션,0,X,X,X,정보 없음,X,X
에띠에리조트,0,X,X,X,정보 없음,X,X
제주R호텔서귀포점,0,X,X,X,정보 없음,X,X
제주메이플호텔,0,X,X,X,정보 없음,X,X
비치스토리호텔,0,X,X,X,정보 없음,X,X
무이비엔,0,X,X,X,정보 없음,X,X
산호펜션,0,X,X,X,정보 없음,X,X
내도바당펜션,0,X,X,X,정보 없음,X,X
몽돌바당,0,X,X,X,정보 없음,X,X
나비스호텔,0,X,X,X,정보 없음,X,X
디스이즈핫,0,X,X,X,정보 없음,X,X
통나무파크,0,X,X,X,정보 없음,X,X
제주올레펜션,0,X,X,X,정보 없음,X,X
로그밸리,0,X,X,X,정보 없음,X,X
킹스통나무,0,X,X,X,정보 없음,X,X
아델리아빌,0,X,X,X,정보 없음,X,X
폴라리스펜션,0,X,X,X,정보 없음,X,X
오렌지펜션,0,X,X,X,정보 없음,X,X
파크빌리지,0,X,X,X,정보 없음,X,X
가파도상동펜션,0,X,X,X,정보 없음,X,X
블루오션,0,X,X,X,정보 없음,X,X
가파도민박,0,X,X,X,정보 없음,X,X
뿌리게스트하우스,0,X,X,X,정보 없음,X,X
소람민박,0,X,X,X,정보 없음,X,X
중문햇빛펜션,0,X,X,X,정보 없음,X,X
해피데이,0,X,X,X,정보 없음,X,X
제주올레캐슬휴양펜션,0,X,X,X,정보 없음,X,X
올레해오름펜션,0,X,X,X,정보 없음,X,X
목조 독채민박 멍3닷컴,0,X,X,X,정보 없음,X,X
스토리하우스펜션,0,X,X,X,정보 없음,X,X
아림민박,0,X,X,X,정보 없음,X,X
하늘타리펜션,0,X,X,X,정보 없음,X,X
그린나래,0,X,X,X,정보 없음,X,X
아일랜드펜션,0,X,X,X,정보 없음,X,X
돌담마을,0,X,X,X,정보 없음,X,X
해변여행,0,X,X,X,정보 없음,X,X
제주의시간은느리다,0,X,X,X,정보 없음,X,X
달집게스트하우스,0,X,X,X,정보 없음,X,X
이찌마루&잠비,0,X,X,X,정보 없음,X,X
제주를여행하는히치하이커를위한안내소,0,X,X,X,정보 없음,X,X
제주잔잔,0,X,X,X,정보 없음,X,X
리틀포레스트,0,X,X,X,정보 없음,X,X
너를만나행복해,0,X,X,X,정보 없음,X,X
동네형들게스트하우스,0,X,X,X,정보 없음,X,X
갯바위펜션,0,X,X,X,정보 없음,X,X
제주프렌즈펜션,0,X,X,X,정보 없음,X,X
귀덕리2723펜션,0,X,X,X,정보 없음,X,X
제주마로펜션,0,X,X,X,정보 없음,X,X
사랑이꽃피는민박,0,X,X,X,정보 없음,X,X
저스트슬립제주,0,X,X,X,정보 없음,X,X
그림같은풍경,0,X,X,X,정보 없음,X,X
마당돌펜션,0,X,X,X,정보 없음,X,X
해변산책펜션,0,X,X,X,정보 없음,X,X
더아름다운펜션,0,X,X,X,정보 없음,X,X
스토리빌,0,X,X,X,정보 없음,X,X
눈먼고래,0,X,X,X,정보 없음,X,X
도로시게스트하우스,0,X,X,X,정보 없음,X,X
제주앓이,0,X,O,X,정보 없음,X,X
소낭게스트하우스,0,X,X,X,정보 없음,X,X
리니민박(RINY),0,X,X,X,정보 없음,X,X
히든클리프 호텔 앤 네이쳐,0,X,X,X,정보 없음,X,X
하늘정원펜션,0,X,X,X,정보 없음,X,X
아이비테라스,0,X,X,X,정보 없음,X,X
파밀리아호텔,0,X,X,X,정보 없음,X,X
종달스토리,0,X,X,X,정보 없음,X,X
수앤수가족호텔,0,X,X,X,정보 없음,X,X
스테이지게스트하우스(폐업),0,X,X,X,정보 없음,X,X
플레이스 캠프 제주,0,X,X,X,정보 없음,X,X
펜션 에덴호스텔,0,X,X,X,정보 없음,X,X
루피게스트하우스,0,X,X,X,정보 없음,X,X
단추스테이,0,X,X,X,정보 없음,X,X
모루티,0,X,X,X,정보 없음,X,X
제주 스카이라인 휴양펜션,0,X,X,X,정보 없음,X,X
제주자연인펜션글램핑,0,X,X,X,정보 없음,X,X
힐링 게스트하우스,0,X,X,X,정보 없음,X,X
비아제주Stay,0,X,X,X,정보 없음,X,X
제주서울민박,0,X,X,X,정보 없음,X,X
애월해안누리펜션(구 하얀둥지펜션),0,X,X,X,정보 없음,X,X
솔민박,0,X,X,X,정보 없음,X,X
하워드존슨 제주 연동 호텔,0,X,X,X,정보 없음,X,X
조이다이브 게스트하우스,0,X,X,X,정보 없음,X,X
힐링캠프펜션,0,X,X,X,정보 없음,X,X
민준채,0,X,X,X,정보 없음,X,X
마레카펜션,0,X,X,X,정보 없음,X,X
제주스웨덴리조트펜션,0,X,X,X,정보 없음,X,X
블루펄리조트,0,X,X,X,정보 없음,X,X
제주와요펜션,0,X,X,X,정보 없음,X,X
제주펜션향림원,0,X,X,X,정보 없음,X,X
파인빌,0,X,X,X,정보 없음,X,X
썬베이펜션,0,X,X,X,정보 없음,X,X
다이브게스트하우스,0,X,X,X,정보 없음,X,X
바다향기펜션,0,X,X,X,정보 없음,X,X
강정서부민박,0,X,X,X,정보 없음,X,X
올레요리조트,0,X,X,X,정보 없음,X,X
제주 에코 스위츠 펜션,0,X,X,X,정보 없음,X,X
인더 하우스,0,X,X,X,정보 없음,X,X
예촌민박,0,X,X,X,정보 없음,X,X
제주도푸른바다,0,X,X,X,정보 없음,X,X
중문통나무펜션리조트,0,X,X,X,정보 없음,X,X
바다산책,0,X,X,X,정보 없음,X,X
보리게스트하우스,0,X,X,X,정보 없음,X,X
펜션해다미,0,X,X,X,정보 없음,X,X
투데이제주펜션,0,X,X,X,정보 없음,X,X
휴양펜션 스위스마을 Swiss Village Pension,0,X,X,X,정보 없음,X,X
다이아나호텔,0,X,X,X,정보 없음,X,X
호텔 화인 제주,0,X,X,X,정보 없음,X,X
삼해인관광호텔,0,X,X,X,정보 없음,X,X
랑주호텔,0,X,X,X,정보 없음,X,X
더레드관광호텔,0,X,X,X,정보 없음,X,X
해오름민박,0,X,X,X,정보 없음,X,X
스머프하우스,0,X,X,X,정보 없음,X,X
뉴제주펜션,0,X,X,X,정보 없음,X,X
차귀도게스트하우스,0,X,X,X,정보 없음,X,X
우도올레펜션,0,X,X,X,정보 없음,X,X
돌고래하우스(캠핑장),0,X,X,X,정보 없음,X,X
파인힐호텔,0,X,X,X,정보 없음,X,X
제주토브,0,X,X,X,정보 없음,X,X
제주오다,0,X,X,X,정보 없음,X,X
팜힐펜션,0,X,X,X,정보 없음,X,X
제주 호텔 더블유 탑동,0,X,X,X,정보 없음,X,X
서귀포귤림성,0,X,X,X,정보 없음,X,X
썬레이크빌제주,0,X,X,X,정보 없음,X,X
제주썬호텔,0,X,X,X,정보 없음,X,X
보오메꾸뜨르호텔,0,X,X,X,정보 없음,X,X
제주팔레스호텔,0,X,X,X,정보 없음,X,X
씨에스호텔앤리조트,0,X,X,X,정보 없음,X,X
신라스테이 제주,0,X,X,X,정보 없음,X,X
유니호텔제주,0,X,X,X,정보 없음,X,X
바산올레 애견동반 펜션,0,X,X,X,정보 없음,X,X
난드르통나무집,0,X,X,X,정보 없음,X,X
이디살래,0,X,X,X,정보 없음,X,X
바다스케치,0,X,X,X,정보 없음,X,X
오비두스 스테이,0,X,X,X,정보 없음,X,X
제주하늘푸른바다펜션,0,X,X,X,정보 없음,X,X
나무향기펜션,0,X,X,X,정보 없음,X,X
잇츠힐펜션,0,X,X,X,정보 없음,X,X
에이지하우스,0,X,X,X,정보 없음,X,X
뉴코리아유스호스텔,0,X,X,X,정보 없음,X,X
피우다 게스트하우스,0,X,X,X,정보 없음,X,X
마라도별장,0,X,X,X,정보 없음,X,X
객의하우스,0,X,X,X,정보 없음,X,X
뉴경남관광호텔,0,X,X,X,정보 없음,X,X
오로라호텔,0,X,X,X,정보 없음,X,X
부영CC관광호텔,0,X,X,X,정보 없음,X,X
K관광호텔,0,X,X,X,정보 없음,X,X
그레이스관광호텔,0,X,X,X,정보 없음,X,X
골든파크호텔,1,O,X,O,조식식당,O,X
탑팰리스호텔,0,X,X,X,정보 없음,X,X
일성 제주비치콘도&리조트,0,X,X,X,정보 없음,X,X
해피휴펜션,0,X,X,X,정보 없음,X,X
비울채울펜션,0,X,X,X,정보 없음,X,X
해안풍경펜션,0,X,X,X,정보 없음,X,X
탐라누리,0,X,X,X,정보 없음,X,X
게으른소나기,0,X,X,X,정보 없음,X,X
스타즈호텔 제주 로베로,0,X,X,X,정보 없음,X,X
WE호텔 제주,5,X,X,X,정보 없음,X,X
뉴아일랜드호텔,0,X,X,X,정보 없음,X,X
로뎀펜션,0,X,X,X,정보 없음,X,X
뽀요요펜션,0,X,X,X,정보 없음,X,X
우도사랑,0,X,X,X,정보 없음,X,X
블랙샌즈호텔,0,X,X,X,정보 없음,X,X
해마호텔,0,X,X,X,정보 없음,X,X
오슬로호텔,0,X,X,X,정보 없음,X,X
제주로얄호텔,0,X,X,X,정보 없음,X,X
파크사이드호텔,0,X,X,X,정보 없음,X,X
금호리조트제주,0,X,X,X,정보 없음,X,X
바다추억,0,X,X,X,정보 없음,X,X
테마하우스,0,X,X,X,정보 없음,X,X
예다움휴양펜션,0,X,X,X,정보 없음,X,X
비치조아,0,X,X,X,정보 없음,X,X
가까이에파도소리,0,X,X,X,정보 없음,X,X
아마빌레,0,X,X,X,정보 없음,X,X
캐빈타운,0,X,X,X,정보 없음,X,X
호도하우스,0,X,X,X,정보 없음,X,X
발로바쉬,0,X,X,X,정보 없음,X,X
하늘땅물벗펜션,0,X,X,X,정보 없음,X,X
너울빌리지,0,X,X,X,정보 없음,X,X
바사팬스파,0,X,X,X,정보 없음,X,X
브라운캐빈,0,X,X,X,정보 없음,X,X
제주아일,0,X,X,X,정보 없음,X,X
루시드봉봉,0,X,X,X,정보 없음,X,X
베르사체,0,X,X,X,정보 없음,X,X
준하우스,0,X,X,X,정보 없음,X,X
모네하우스,0,X,X,X,정보 없음,X,X
하도어촌계펜션,0,X,X,X,정보 없음,X,X
제주파도소리,0,X,X,X,정보 없음,X,X
하늘조각휴양펜션,0,X,X,X,정보 없음,X,X
노블렛휴양펜션,0,X,X,X,정보 없음,X,X
함덕산티아고게스트하우스,0,X,X,X,정보 없음,X,X
아침의향기,0,X,X,X,정보 없음,X,X
우도그린휴양펜션,0,X,X,X,정보 없음,X,X
알앤비타운,0,X,X,X,정보 없음,X,X
바다로가는길목,0,X,X,X,정보 없음,X,X
해아래펜션,0,X,X,X,정보 없음,X,X
캠핑트리펜션,0,X,X,X,"글램핑, 노래방, 모닥불, 개별주차공간 등",X,X
하얀산호민박,0,X,X,X,정보 없음,X,X
제주해조대펜션,0,X,X,X,정보 없음,X,X
고양이정원,0,X,X,X,정보 없음,X,X
노낭게스트하우스,0,X,X,X,정보 없음,X,X
바닷가하우스펜션,0,X,X,X,정보 없음,X,X
메이풀하우스,0,X,X,X,정보 없음,X,X
UncleBORO게스트하우스,0,X,X,X,정보 없음,X,X
바이린하우스,0,X,X,X,정보 없음,X,X
에덴통나무빌리지,0,X,X,X,정보 없음,X,X
제주우리집펜션(폐업),0,X,X,X,정보 없음,X,X
제주 또올레 펜션,0,X,X,X,정보 없음,X,X
산방산게스트하우스,0,X,X,X,정보 없음,X,X
욜로게스트하우스,0,X,X,X,정보 없음,X,X
제주소소,0,X,X,X,정보 없음,X,X
아침의 새소리펜션,0,X,X,X,정보 없음,X,X
제주도통나무펜션,0,X,X,X,정보 없음,X,X
별마로펜션,0,X,X,X,정보 없음,X,X
로그맨하우스,0,X,X,X,정보 없음,X,X
플로라펜션,0,X,X,X,정보 없음,X,X
오름풍경펜션,0,X,X,X,정보 없음,X,X
지삿개풍경,0,X,X,X,정보 없음,X,X
해일월,0,X,X,X,정보 없음,X,X
제주엔펜션,0,X,X,X,정보 없음,X,X
노을과어울림,0,X,X,X,정보 없음,X,X
연지민박,0,X,X,X,정보 없음,X,X
노을과원담,0,X,X,X,정보 없음,X,X
커플게스트하우스,0,X,X,X,정보 없음,X,X
하도리보통날,0,X,X,X,정보 없음,X,X
몬딱게스트하우스,0,X,X,X,정보 없음,X,X
모물펜션,0,X,X,X,정보 없음,X,X
메르빌 펜션 & 게스트하우스,0,X,X,X,정보 없음,X,X
씨엘드제주,0,X,X,X,정보 없음,X,X
우도피아,0,X,X,X,정보 없음,X,X
해안길펜션,0,X,X,X,정보 없음,X,X
우도몽생이,0,X,X,X,정보 없음,X,X
비스타리조트,0,X,X,X,정보 없음,X,X
루미수다게스트하우스,0,X,X,X,정보 없음,X,X
더쉼팡스파&풀빌라,0,X,X,X,정보 없음,X,X
배목수집,0,X,X,X,정보 없음,X,X
제주양떼목장(미공개),0,X,X,X,정보 없음,X,X
지니아펜션,0,X,X,X,정보 없음,X,X
펜션형민박꿈꾸는숲,0,X,X,X,정보 없음,X,X
바닷가하얀집,0,X,X,X,정보 없음,X,X
남촌풀하우스,0,X,X,X,정보 없음,X,X
펜션소설,0,X,X,X,정보 없음,X,X
안녕한계절,0,X,X,X,정보 없음,X,X
쪼인게스트하우스,0,X,X,X,정보 없음,X,X
블란디야,0,X,X,X,정보 없음,X,X
제주시드니호텔,0,X,X,X,정보 없음,X,X
매직우드펜션,0,X,X,X,정보 없음,X,X
푸른바다펜션,0,X,X,X,정보 없음,X,X
바다풍경펜션,0,X,X,X,정보 없음,X,X
차니비니게스트하우스,0,X,X,X,정보 없음,X,X
야호비치하우스,0,X,X,X,정보 없음,X,X
호텔섬오름,0,X,X,X,정보 없음,X,X
벼리게스트하우스,0,X,X,X,정보 없음,X,X
청춘게스트하우스,0,X,X,X,정보 없음,X,X
표선이레하우스,0,X,X,X,정보 없음,X,X
제주비치펜션,0,X,X,X,정보 없음,X,X
리버풀펜션,0,X,X,X,정보 없음,X,X
마니주펜션,0,X,X,X,정보 없음,X,X
비스비제주 앤 팜빌리지,0,X,X,X,정보 없음,X,X
더갤러리펜션,0,X,X,X,정보 없음,X,X
블랙롯지,0,X,X,X,정보 없음,X,X
포비네오두막게스트하우스,0,X,X,X,정보 없음,X,X
제주도 애월 파티하는 오누 게스트하우스,0,X,X,X,정보 없음,X,X
빌라배알로,0,X,X,X,정보 없음,X,X
볼몽지엥하우스,0,X,X,X,정보 없음,X,X
소낭재,0,X,X,X,정보 없음,X,X
캠프마라도,0,X,X,X,정보 없음,X,X
길섶나그네펜션,0,X,X,X,정보 없음,X,X
월정소랑,0,X,X,X,정보 없음,X,X
아이콘펜션,0,X,X,X,정보 없음,X,X
뱅디가름게스트하우스,0,X,X,X,정보 없음,X,X
이디wan,0,X,X,X,정보 없음,X,X
수하리839,0,X,X,X,정보 없음,X,X
느르왓,0,X,X,X,정보 없음,X,X
오시록헌 AM,0,X,X,X,정보 없음,X,X
아모르하우스 오션뷰펜션,0,X,X,X,정보 없음,X,X
옥빛바다민박,0,X,X,X,정보 없음,X,X
나무아래독채펜션,0,X,X,X,정보 없음,X,X
데이즈호텔 제주서귀포오션,0,X,X,X,정보 없음,X,X
에바다라이더하우스.공방,0,X,X,X,정보 없음,X,X
미소게스트하우스,0,X,X,X,정보 없음,X,X
오션스카이,0,X,X,X,정보 없음,X,X
초록하우스,0,X,X,X,정보 없음,X,X
제주산내들,0,X,X,X,정보 없음,X,X
마주보기펜션,0,X,X,X,정보 없음,X,X
코코스펜션,0,X,X,X,정보 없음,X,X
환상의민박,0,X,X,X,정보 없음,X,X
땅콩펜션,0,X,X,X,정보 없음,X,X
콴도제주,0,X,X,X,정보 없음,X,X
제주머무리 삼양힐링팜,0,X,X,X,정보 없음,X,X
더본 호텔,0,X,X,X,정보 없음,X,X
늘푸른 게스트하우스,0,X,X,X,정보 없음,X,X
동산나라펜션,0,X,X,X,정보 없음,X,X
놀멍쉬멍고르멍,0,X,X,X,정보 없음,X,X
해담은스파빌,0,X,X,X,정보 없음,X,X
초콜릿펜션,0,X,X,X,정보 없음,X,X
해바라기,0,X,X,X,정보 없음,X,X
한라앤탐 펜션,0,X,X,X,정보 없음,X,X
리치호텔,0,X,X,X,정보 없음,X,X
그녀이야기 게스트하우스,0,X,X,X,정보 없음,X,X
삼다펜션,0,X,X,X,정보 없음,X,X
MJ펜션&리조트,0,X,X,X,정보 없음,X,X
휘슬락호텔,0,X,X,X,정보 없음,X,X
또랑게스트하우스,0,X,X,X,정보 없음,X,X
도시락게스트하우스,0,X,X,X,정보 없음,X,X
루체빌,0,X,X,X,정보 없음,X,X
밍기적게스트하우스,0,X,X,X,정보 없음,X,X
거드락지민박,0,X,X,X,정보 없음,X,X
더들집,0,X,X,X,정보 없음,X,X
더하도스파빌라,0,X,X,X,정보 없음,X,X
제주그린펜션,0,X,X,X,정보 없음,X,X
제니빌펜션,0,X,X,X,정보 없음,X,X
쉴띠펜션&게스트하우스,0,X,X,X,정보 없음,X,X
미쓰홍당무하우스,0,X,X,X,정보 없음,X,X
데이빗펜션,0,X,X,X,정보 없음,X,X
b5m 민박,0,X,X,X,정보 없음,X,X
캠퍼트리 호텔앤리조트,0,X,X,X,정보 없음,X,X
해비치불턱카페&게스트하우스,0,X,X,X,정보 없음,X,X
소풍이야기 펜션,0,X,X,X,정보 없음,X,X
오션스퀘어,0,X,X,X,정보 없음,X,X
마리아주펜션,0,X,X,X,정보 없음,X,X
남쪽나라빌,0,X,X,X,정보 없음,X,X
라라게스트하우스,0,X,X,X,정보 없음,X,X
마린포트리조트,0,X,X,X,정보 없음,X,X
넙빌레하우스,0,X,X,X,정보 없음,X,X
봉쟈 게스트하우스,0,X,X,X,정보 없음,X,X
엘쯔타운 독채펜션,0,X,X,X,정보 없음,X,X
솔로 게스트하우스,0,X,X,X,정보 없음,X,X
늘해랑펜션,0,X,X,X,정보 없음,X,X
시월애,0,X,X,X,정보 없음,X,X
밸류호텔 월드와이드 제주,0,X,X,X,정보 없음,X,X
게스트하우스7,0,X,X,X,정보 없음,X,X
이디하우스n카페,0,X,X,X,정보 없음,X,X
미르앤러브게스트하우스,0,X,X,X,정보 없음,X,X
켄싱턴제주호텔,0,X,X,X,정보 없음,X,X
그라벨호텔,0,X,X,X,정보 없음,X,X
더코브호텔,0,X,X,X,정보 없음,X,X
ATnoon호텔,0,X,X,X,정보 없음,X,X
제주 제이제이 게스트하우스,0,X,X,X,정보 없음,X,X
바람이머물다,0,X,X,X,정보 없음,X,X
단추스테이 단추숲,0,X,X,X,정보 없음,X,X
바다의향기,0,X,X,X,정보 없음,X,X
발리인제주,0,X,X,X,정보 없음,X,X
산과바다사이,0,X,X,X,정보 없음,X,X
우도쉼팡게스트하우스,0,X,X,X,정보 없음,X,X
돌빌리지펜션,0,X,X,X,정보 없음,X,X
나바론민박,0,X,X,X,정보 없음,X,X
제주갤럭시호텔,0,X,X,X,정보 없음,X,X
제니아관광호텔,0,X,X,X,정보 없음,X,X
블루마운틴호텔,0,X,X,X,정보 없음,X,X
소섬바당,0,X,X,X,정보 없음,X,X
전원민박,0,X,X,X,정보 없음,X,X
단빌리지민박,0,X,X,X,정보 없음,X,X
제주모모,0,X,X,X,정보 없음,X,X
닐펜션,0,X,X,X,정보 없음,X,X
103순례자의집,0,X,X,X,정보 없음,X,X
유니콘펜션,0,X,X,X,정보 없음,X,X
제주BNB펜션,0,X,X,X,정보 없음,X,X
산방산에펜션,0,X,X,X,정보 없음,X,X
리치망고펜션,0,X,X,X,정보 없음,X,X
그림그리는펜션,0,X,O,X,정보 없음,X,X
블루마린,0,X,X,X,정보 없음,X,X
포유펜션,0,X,X,X,정보 없음,X,X
호텔 샬롬제주,0,X,X,X,정보 없음,X,X
한모살,0,X,X,X,정보 없음,X,X
해비치 바람의집 펜션&카페,0,X,X,X,정보 없음,X,X
동백동산펜션,0,X,X,X,정보 없음,X,X
우리희망이 게스트하우스,0,X,X,X,정보 없음,O,X
아침해변,0,X,X,X,정보 없음,X,X
마빈,0,X,X,X,정보 없음,X,X
관식이네민박,0,X,X,X,정보 없음,X,X
제주항공우주호텔,0,X,X,X,정보 없음,X,X
엠버호텔,0,X,X,X,정보 없음,X,X
더쇼어호텔제주,0,X,X,X,정보 없음,X,X
라자관광호텔,0,X,X,X,정보 없음,X,X
베니키아 아이진호텔,0,X,X,X,정보 없음,X,X
씨제이 관광호텔,0,X,X,X,정보 없음,X,X
더비비스제주,0,X,X,X,정보 없음,X,X
UTS제주골프빌리지,0,X,X,X,정보 없음,X,X
동촌하우스,0,X,X,X,정보 없음,X,X
호텔 펠리시아,0,X,X,X,정보 없음,X,X
엠버하우스,0,X,X,X,정보 없음,X,X
지현민박,0,X,X,X,정보 없음,X,X
태흥리조트,0,X,X,X,정보 없음,X,X
하늘을달리다,0,X,X,X,정보 없음,X,X
마라도게스트하우스,0,X,X,X,정보 없음,X,X
엄블랑펜션,0,X,X,X,정보 없음,X,X
토마토하우스,0,X,X,X,정보 없음,X,X
해돋는마을,0,X,X,X,정보 없음,X,X
제주돌집2호점 (스코리아),0,X,X,X,정보 없음,X,X
강남하우스펜션,0,X,X,X,정보 없음,X,X
JAY&CHLOE,0,X,X,X,정보 없음,X,X
베누스무인텔,0,X,X,X,정보 없음,X,X
편운산장,0,X,X,X,정보 없음,X,X
나무이야기 게스트하우스 남원점,0,X,X,X,정보 없음,X,X
포구민박,0,X,X,X,정보 없음,X,X
알랑가게스트하우스,0,X,X,X,정보 없음,X,X
한라하이츠펜션,0,X,X,X,정보 없음,X,X
담앤루리조트,0,X,X,X,정보 없음,X,X
뚜르드제주게스트하우스,0,X,X,X,카페,X,X
자유게스트하우스,0,X,X,X,정보 없음,X,X
까사데비발디호텔,0,X,X,X,정보 없음,X,X
쇠소깍섬도리왓펜션,0,X,X,X,정보 없음,X,X
제주게스트하우스 하쿠나마타타,0,X,X,X,정보 없음,X,X
볼레낭펜션,0,X,X,X,정보 없음,X,X
바당갤러리펜션,0,X,X,X,정보 없음,X,X
제주목화휴양펜션,0,X,X,X,정보 없음,X,X
더하우스펜션,0,X,X,X,정보 없음,X,X
카사마리나,0,X,X,X,정보 없음,X,X
드헤브펜션,0,X,X,X,정보 없음,X,X
썬비치민박,0,X,X,X,정보 없음,X,X
백악관민박,0,X,X,X,정보 없음,X,X
우도노을사랑,0,X,X,X,정보 없음,X,X
동굴민박,0,X,X,X,정보 없음,X,X
해녀촌민박,0,X,X,X,정보 없음,X,X
우도스쿠버리조트,0,X,X,X,정보 없음,X,X
제주알호텔(R호텔),0,X,X,X,정보 없음,X,X
이어도펜션,0,X,X,X,정보 없음,X,X
해변의집,0,X,X,X,정보 없음,X,X
미래하우스,0,X,X,X,정보 없음,X,X
골든비치,0,X,X,X,정보 없음,X,X
해뜨는집,0,X,X,X,정보 없음,X,X
제이제이하우스,0,X,X,X,정보 없음,X,X
비젠빌리지,0,X,X,X,정보 없음,X,X
제이앤클로이,0,X,X,X,정보 없음,X,X
밥게스트하우스,0,X,X,X,정보 없음,X,X
지니코티지,0,X,X,X,정보 없음,X,X
밸류호텔 서귀포(VALUE HOTEL Seogwipo JS),0,X,X,X,정보 없음,X,X
해오름정원,0,X,X,X,정보 없음,X,X
아모렉스리조트,0,X,X,X,정보 없음,X,X
제주파크랜드,0,X,X,X,정보 없음,X,X
초록새록,0,X,X,X,정보 없음,X,X
야스라기펜션,0,X,X,X,정보 없음,X,X
다솜펜션,0,X,X,X,정보 없음,X,X
사랑터울펜션,0,X,X,X,정보 없음,X,X
제주쉼표,0,X,X,X,정보 없음,X,X
메모리제주펜션,0,X,X,X,정보 없음,X,X
바다위올레펜션,0,X,X,X,정보 없음,X,X
낭만펜션,0,X,X,X,정보 없음,X,X
펜션머물다,0,X,X,X,정보 없음,X,X
할망숙소,0,X,X,X,정보 없음,X,X
소노캄제주,0,X,O,X,정보 없음,X,X
뒹글하우스,0,X,X,X,정보 없음,X,X
썬비치리조트,0,X,X,X,정보 없음,X,X
송림원,0,X,X,X,정보 없음,X,X
꿈꾸는바다펜션,0,X,X,X,정보 없음,X,X
하도하도1929,0,X,X,X,정보 없음,X,X
하도하도3200,0,X,X,X,정보 없음,X,X
신흥소시민,0,X,X,X,정보 없음,X,X
아토하우스,0,X,X,X,정보 없음,X,X
바다별,0,X,X,X,정보 없음,X,X
제주노블레스관광호텔,0,X,X,X,정보 없음,X,X
자넷앤캐시,0,X,X,X,정보 없음,X,X
서머셋 제주신화월드 호텔앤리조트,0,O,O,X,"물품보관소,",X,O
오조리비앤비(Ojoribnb),0,X,X,X,정보 없음,X,X
잼잼팩토리,0,X,X,X,정보 없음,X,X
게으르게,0,X,X,X,정보 없음,X,X
핫플게스트하우스,0,X,X,X,정보 없음,X,X
예닮게스트하우스,0,X,X,X,정보 없음,X,X
체이슨호텔 더 스마일,0,X,X,X,정보 없음,X,X
나무처럼 게스트하우스,0,X,X,X,정보 없음,X,X
제주이글루,0,X,X,X,정보 없음,X,X
노닐다 게스트하우스,0,X,X,X,정보 없음,X,X
맑은바람 펜션,0,X,X,X,정보 없음,X,X
예이츠산장,0,X,O,X,정보 없음,X,X
오션그랜드호텔 (함덕),0,X,X,X,정보 없음,X,X
핸즈인제주,0,X,X,X,정보 없음,X,X
 메리어트관 제주신화월드 호텔앤리조트,0,O,X,X,사우나,X,O
제주다이브 게스트하우스,0,X,X,X,정보 없음,X,X
제주사랑 펜션,0,X,X,X,정보 없음,X,X
사면초가펜션,0,X,X,X,정보 없음,X,X
유탑유블레스호텔,0,X,X,X,정보 없음,X,X
제주가온29,0,X,X,X,정보 없음,X,X
JK라마다앙코르 제주연동호텔,0,X,X,X,정보 없음,X,X
웰컴모텔,0,O,O,O,정보 없음,O,O
웰컴호스텔,2,O,O,O,정보 없음,O,O
조천스테이,0,X,X,X,정보 없음,X,X
시땅,0,X,X,X,정보 없음,X,X
비자낭달집,0,X,X,X,정보 없음,X,X
런호텔,0,X,X,X,정보 없음,X,X
곱을락 (숙박),0,X,X,X,정보 없음,X,X
구름밭하우스,0,X,X,X,정보 없음,X,X
호텔제이엠,3,X,X,X,정보 없음,X,X
제주하나호텔,0,X,X,X,정보 없음,X,X
훼밀리민박,0,X,X,X,정보 없음,X,X
힐링하우스,0,X,X,X,정보 없음,X,X
제주스위트모텔,0,X,X,X,정보 없음,X,X
신강남모텔,0,X,X,X,정보 없음,X,X
아트모텔,0,X,X,X,정보 없음,X,X
백패커스홈,0,X,X,X,정보 없음,X,X
베니키아 중문호텔,0,X,X,X,정보 없음,X,X
봉아저씨네민박,0,X,X,X,정보 없음,X,X
블루베이휴양펜션,0,X,X,X,정보 없음,X,X
비롯하우스,0,X,X,X,정보 없음,X,X
빌로우비치호텔,0,X,X,X,정보 없음,X,X
푸른밤글램핑게스트하우스,0,X,X,X,정보 없음,X,X
샤론의 집 펜션,0,X,X,X,정보 없음,X,X
소랑호젠,0,X,X,X,정보 없음,X,X
중문올레펜션,0,X,X,X,정보 없음,X,X
채송화민박,0,X,X,X,정보 없음,X,X
오름길벗 게스트하우스,0,X,X,X,정보 없음,X,X
꽃머채 펜션,0,X,X,X,정보 없음,X,X
꿈의바다,0,X,X,X,정보 없음,X,X
나뜨랑펜션,0,X,X,X,정보 없음,X,X
가이아호텔,0,X,X,X,정보 없음,X,X
김녕몽생이,0,X,X,X,정보 없음,X,X
단디해라 게스트하우스,0,X,X,X,정보 없음,X,X
또오크라,0,X,X,X,정보 없음,X,X
제주애단비 마주,0,X,O,X,정보 없음,X,X
이경훈 게스트하우스,0,X,X,X,정보 없음,X,X
이공일삼게스트하우스,0,X,X,X,정보 없음,X,X
이런날엔,0,X,X,X,정보 없음,X,X
이모와 삼촌네,0,X,X,X,정보 없음,X,X
장원민박,0,X,X,X,정보 없음,X,X
제주감귤농협카라반,0,X,X,X,정보 없음,X,X
제주노스빌리지,0,X,X,X,정보 없음,X,X
제주도 레인보우,0,X,X,X,정보 없음,X,X
제주애견동반감성숙소 르페도라,0,X,O,X,정보 없음,X,X
호텔 스카이파크 제주1호점,0,X,X,X,정보 없음,X,X
모멘토호텔,0,X,X,X,정보 없음,X,X
휴마루리조트,0,X,X,X,정보 없음,X,X
더살다,0,X,X,X,정보 없음,X,X
온더스톤게스트하우스,0,X,X,X,정보 없음,X,X
제주도푸른산푸른바다,0,X,X,X,정보 없음,X,X
제주디오빌,2,X,X,X,정보 없음,X,X
제주bp게스트하우스 JEJU BP GUESTHOUSE(폐업),0,X,X,X,정보 없음,X,X
For 安(포안),0,X,X,X,정보 없음,X,X
ZeZuZip,0,X,X,X,정보 없음,X,X
가원비치펜션,0,X,X,X,정보 없음,X,X
간드락게스트하우스,0,X,X,X,정보 없음,X,X
게스트하우스 도치,0,X,X,X,정보 없음,X,X
트로피카 게스트하우스,0,X,X,X,정보 없음,X,X
하루나의 뜰,0,X,X,X,정보 없음,X,X
달자펜션,0,X,X,X,정보 없음,X,X
말짜게스트하우스,0,X,X,X,정보 없음,X,X
그럼에도불구하고게스트하우스,0,X,X,X,정보 없음,X,X
기분좋은 민박,0,X,X,X,정보 없음,X,X
꿈꾸는 노마드,0,X,X,X,정보 없음,X,X
꿈꾸는정원,0,X,X,X,정보 없음,X,X
제주 퍼시픽호텔,0,X,X,X,정보 없음,X,X
나무이야기,0,X,X,X,정보 없음,X,X
타미우스골프앤빌리지,0,X,X,X,정보 없음,X,X
네모난 집,0,X,X,X,정보 없음,X,X
뉴그린펜션,0,X,X,X,정보 없음,X,X
다래산장펜션,0,X,X,X,정보 없음,X,X
라온호텔앤리조트,0,X,X,X,정보 없음,X,X
레디메이드,0,X,X,X,정보 없음,X,X
레프트핸더 게스트하우스,0,X,X,X,정보 없음,X,X
롯데시티호텔 제주,0,X,X,X,정보 없음,X,X
메종 글래드 제주,5,X,X,X,정보 없음,X,X
독채민박 바당집,0,X,X,X,정보 없음,X,X
성산우리집 펜션,0,X,X,X,정보 없음,X,X
올레스테이,0,X,X,X,정보 없음,X,X
제주아트하우스,0,X,X,X,정보 없음,X,X
제주조이랜드,0,X,X,X,정보 없음,X,X
키코앤일레인호텔,0,X,X,X,정보 없음,X,X
나무이야기 하우스,0,X,X,X,정보 없음,X,X
남원화이트빌리지,0,X,X,X,정보 없음,X,X
노을담은뜨락,0,X,X,X,정보 없음,X,X
늘송파크텔,0,X,X,X,정보 없음,X,X
다이아몬드 호텔 제주,2,X,X,X,정보 없음,X,X
달콤한소금만들기,0,X,X,X,정보 없음,X,X
대유모텔,0,X,X,X,정보 없음,X,X
더베이 제주 리조트,0,X,X,X,정보 없음,X,X
동박생이,0,X,X,X,정보 없음,X,X
드림시아펜션,0,X,X,X,정보 없음,X,X
디아일랜드 블루 호텔,0,X,X,X,정보 없음,X,X
뜨리바다펜션,0,X,X,X,정보 없음,X,X
제주캠핑올레,0,X,X,X,정보 없음,X,X
야자수민박(제주캠핑베이),0,X,X,X,정보 없음,X,X
우리이야기,0,X,X,X,정보 없음,X,X
꽃향기바다소리,0,X,X,X,정보 없음,X,X
하랑 게스트하우스,0,X,X,X,정보 없음,X,X
에덴호스텔,0,X,X,X,정보 없음,X,X
에리두 Cafe n Beds,0,X,X,X,정보 없음,X,X
에쿠스모텔,0,X,X,X,정보 없음,X,X
에프원모텔,0,X,X,X,정보 없음,X,X
옛살라비펜션,0,X,X,X,정보 없음,X,X
오렌지트리 호텔,0,X,X,X,정보 없음,X,X
올레코지하우스,0,X,X,X,정보 없음,X,X
와이리조트 제주,0,X,X,X,정보 없음,X,X
외도바다민박,0,X,X,X,정보 없음,X,X
외돌개나라,0,X,X,X,정보 없음,X,X
웰빙하우스,0,X,X,X,정보 없음,X,X
라메종베니in제주,0,X,X,X,정보 없음,X,X
라이온힐펜션,0,X,X,X,정보 없음,X,X
라포즈,0,X,X,X,정보 없음,X,X
로그빌리지 펜션,0,X,X,X,정보 없음,X,X
롯데호텔 제주,5,X,X,X,정보 없음,X,X
린앤솔게스트하우스,0,X,X,X,정보 없음,X,X
마이테르유스호스텔,0,X,X,X,정보 없음,X,X
라림부띠끄호텔,0,X,X,X,정보 없음,X,X
물고기나무게스트하우스,0,X,X,X,정보 없음,X,X
코티지락독채펜션,0,X,X,X,정보 없음,X,X
제주올레하우스팬션,0,X,X,X,정보 없음,X,X
윈드힐펜션,0,X,X,X,정보 없음,X,X
유로리조트,0,X,X,X,정보 없음,X,X
율게스트하우스,0,X,X,X,정보 없음,X,X
산방산해오름펜션,0,X,X,X,정보 없음,X,X
김마담하우스,0,X,X,X,정보 없음,X,X
메모리 인 제주 펜션,0,X,X,X,정보 없음,X,X
에너벨리민박,0,X,X,X,정보 없음,X,X
예하게스트하우스,0,X,X,X,정보 없음,X,X
오션스위츠 제주호텔,4,X,X,X,정보 없음,X,X
올레프로방스펜션,0,X,X,X,정보 없음,X,X
월령게스트하우스,0,X,X,X,정보 없음,X,X
꽃하루방게스트하우스,0,X,X,X,정보 없음,X,X
자연하우스,0,X,X,X,정보 없음,X,X
하와이펜션,0,X,X,X,정보 없음,X,X
안뜨르 펜션,0,X,X,X,정보 없음,X,X
리브라이프스테이,0,X,X,X,정보 없음,X,X
허브인휴양펜션,0,X,X,X,정보 없음,X,X
제주별장,0,X,X,X,정보 없음,X,X
제주빌레성 통나무휴양펜션,0,X,X,X,정보 없음,X,X
제주쉐르빌(중문),0,X,X,X,정보 없음,X,X
제주시 그린모텔,0,X,X,X,정보 없음,X,X
제주신신휴양펜션,0,X,X,X,정보 없음,X,X
제주아이브리조트,0,X,X,X,정보 없음,X,X
제주카사블랑카펜션,0,X,X,X,정보 없음,X,X
로지게스트하우스,0,X,X,X,정보 없음,X,X
곰씨비씨게스트하우스,0,X,X,X,정보 없음,X,X
사조리조트,0,X,X,X,정보 없음,X,X
풍차와노을 독채펜션,0,X,X,X,정보 없음,X,X
카노푸스 게스트하우스,0,X,X,X,정보 없음,X,X
WITH US,0,X,X,X,정보 없음,X,X
YOU&I게스트하우스,0,X,X,X,정보 없음,X,X
몬떼뷰 스테이,0,X,X,X,정보 없음,X,X
무위재,0,X,X,X,정보 없음,X,X
미도호스텔,0,X,X,X,정보 없음,X,X
절물길펜션,0,X,X,X,정보 없음,X,X
제주 오션팰리스 호텔,0,X,X,X,정보 없음,X,X
라마다 제주 함덕 호텔,0,X,X,X,정보 없음,X,X
제주마실게스트하우스,0,X,X,X,정보 없음,X,X
제주별바람펜션,0,X,X,X,정보 없음,X,X
몬딱쉼터,0,X,X,X,정보 없음,X,X
엠마오가는길,0,X,X,X,정보 없음,X,X
웨스티하우스,0,X,O,X,정보 없음,X,X
서귀포오소록민박,0,X,X,X,정보 없음,X,X
호텔 마레,0,X,X,X,정보 없음,X,X
밀라노 모텔,0,X,X,X,정보 없음,X,X
파미유스파리조트,0,X,X,X,정보 없음,X,X
토스카나호텔,0,X,X,X,정보 없음,X,X
신촌돌집,0,X,X,X,정보 없음,X,X
레몬트리게스트하우스,0,X,X,X,정보 없음,X,X
흰고래게스트하우스,0,X,X,X,정보 없음,X,X
탐탐56,0,X,X,X,정보 없음,X,X
민박하얀집,0,X,X,X,"평상, 파라솔",X,X
밀감나무펜션,0,X,X,X,정보 없음,X,X
바다드림펜션,0,X,X,X,정보 없음,X,X
바다파파,0,X,X,X,정보 없음,X,X
방울풍뎅이 하우스,0,X,X,X,정보 없음,X,X
베리안,0,X,X,X,정보 없음,X,X
별똥별채집소,0,X,X,X,정보 없음,X,X
볕들이펜션,0,X,X,X,정보 없음,X,X
부띠끄풀빌라루온토,0,X,X,X,정보 없음,X,X
블루네집,0,X,X,X,정보 없음,X,X
블루비치,0,X,X,X,정보 없음,X,X
블루하와이리조트,0,X,X,X,정보 없음,X,X
새벽별 펜션,0,X,X,X,정보 없음,X,X
미르빌펜션,0,X,X,X,정보 없음,X,X
민중각 게스트하우스,0,X,X,X,정보 없음,X,X
하바나블루스,0,X,X,X,정보 없음,X,X
팔도민박,0,X,X,X,정보 없음,X,X
랜딩관 제주신화월드 호텔앤리조트,0,O,X,X,사우나,X,O
쿨쿨하우스,0,X,X,X,정보 없음,X,X
서귀포KAL호텔,5,X,X,X,정보 없음,X,X
서귀포시달빛게스트하우스,0,X,X,X,정보 없음,X,X
선스토리,0,X,X,X,정보 없음,X,X
성산풀하우스,0,X,X,X,정보 없음,X,X
셋째날,0,X,X,X,정보 없음,X,X
소리게스트하우스,0,X,X,X,정보 없음,X,X
제주팡숑예래,0,X,X,X,정보 없음,X,X
구덕게스트하우스,0,X,X,X,정보 없음,X,X
조은리조트,0,X,X,X,정보 없음,X,X
중문그린힐통나무펜션,0,X,X,X,정보 없음,X,X
카이리조트,0,X,X,X,정보 없음,X,X
코델리아리조트(폐업),0,X,X,X,정보 없음,X,X
콤마하우스,0,X,X,X,정보 없음,X,X
헌스빌펜션,0,X,X,X,정보 없음,X,X
제주엠리조트,0,X,X,X,정보 없음,X,X
제주올레모텔,0,X,X,X,정보 없음,X,X
킴스캐빈,0,X,X,X,정보 없음,X,X
테라피민박,0,X,X,X,정보 없음,X,X
트리하우스,0,X,X,X,정보 없음,X,X
파더하우스,0,X,X,X,정보 없음,X,X
파크 선샤인 제주,0,X,X,X,정보 없음,X,X
펠리스타운,0,X,X,X,정보 없음,X,X
포도호텔,0,X,X,X,정보 없음,X,X
폴에이리조트,0,X,X,X,정보 없음,X,X
풍경호텔(풍경관광호텔),0,X,X,X,정보 없음,X,X
필그림 BnB,0,X,X,X,정보 없음,X,X
하얀언덕,0,X,X,X,정보 없음,X,X
늘작,0,X,X,X,정보 없음,X,X
바람돌이하우스,0,X,X,X,정보 없음,X,X
쫄깃센터,0,X,X,X,정보 없음,X,X
돌담민박,0,X,X,X,정보 없음,X,X
해비치 호텔앤드리조트 제주,5,X,X,X,정보 없음,X,X
해피데이펜션,0,X,X,X,정보 없음,X,X
솔바람풍경소리펜션,0,X,X,X,정보 없음,X,X
수필하우스,0,X,X,X,정보 없음,X,X
숨비아일랜드,0,X,X,X,정보 없음,X,X
스카이리더스호텔,0,X,X,X,정보 없음,X,X
스쿠버스토리,0,X,X,X,정보 없음,X,X
일출언덕신산게스트하우스,0,X,X,X,정보 없음,X,X
아뜨네통나무펜션,0,X,X,X,정보 없음,X,X
아름다운리조트,0,X,X,X,정보 없음,X,X
안녕프로젝트 게스트하우스,0,X,X,X,정보 없음,X,X
팜밸리리조트,0,X,X,X,정보 없음,X,X
폴리 파크 카라반,0,X,X,X,정보 없음,X,X
프레리아 커플 독채펜션,0,X,X,X,정보 없음,X,X
하바다 통나무집,0,X,X,X,정보 없음,X,X
하이클래스제주,0,X,X,X,정보 없음,X,X
해마지펜션,0,X,X,X,정보 없음,X,X
제마펜션,0,X,X,X,정보 없음,X,X
숲속의궁전,0,X,X,X,정보 없음,X,X
추자바다 25시,0,X,X,X,정보 없음,X,X
블랙스톤리조트,0,X,X,X,정보 없음,X,X
켄싱턴리조트 제주 한림점,0,X,X,X,정보 없음,X,X
푸른콘도,0,X,X,X,정보 없음,X,X
cafe말/개스트하우스 말,0,X,X,X,정보 없음,X,X
GUROOMI,0,X,X,X,정보 없음,X,X
IGH펜션,0,X,X,X,정보 없음,X,X
가름게스트하우스,0,X,X,X,정보 없음,X,X
가산토방,0,X,X,X,정보 없음,X,X
가족민박,0,X,X,X,정보 없음,X,X
감비나무,0,X,X,X,정보 없음,X,X
걸리버여행,0,X,X,X,정보 없음,X,X
고내촌휴양펜션,0,X,X,X,정보 없음,X,X
하워드 존슨 호텔 제주 서귀포 하버,0,X,X,X,정보 없음,X,X
두베하우스,0,X,X,X,정보 없음,X,X
엠버퓨어힐호텔&리조트,0,X,O,X,정보 없음,X,X
오롯 바이 에퀴녹스,0,X,O,X,정보 없음,X,X
하늘오름펜션,0,X,O,X,정보 없음,X,X
라임오렌지빌,0,X,O,X,정보 없음,X,X
리빙스톤펜션,0,X,O,X,정보 없음,X,X
마녀의언덕 펜션,0,X,O,X,정보 없음,X,X
온더스톤펜션,0,X,O,X,정보 없음,X,X
세난포레스트,0,X,X,X,정보 없음,O,X
캐슬 드 한림,1,X,X,X,정보 없음,X,X
제주더힐링하우스,0,X,O,X,공용건조기 시설,O,X
스테이제주이음,0,X,X,X,정보 없음,X,X
네모스테이,0,X,X,X,정보 없음,X,X
제주벨루가,0,X,X,X,"공용 게임장, 노래방, 골프 야구연습장, 축구, 낚시대무료대여 ",X,X
더칠린,0,X,O,X,정보 없음,X,X
크리스마스리조트,0,X,O,X,정보 없음,X,X
고성2119펜션위플레이독,0,X,O,X,정보 없음,X,X
에메랄드하우스,0,X,O,X,정보 없음,X,X
제주와싱톤,0,X,O,X,정보 없음,X,X
캐슬드한림,0,X,X,X,노천탕,O,X
신신호텔 서귀포,4,X,X,O,정보 없음,O,X
신신호텔 제주오션,4,X,X,O,정보 없음,X,X
신신호텔 제주공항,4,X,X,O,정보 없음,X,X
제주구도,0,X,X,X,정보 없음,X,X
선흘 동백동산 에코촌 유스호스텔,0,O,X,X,"야외무대, 잔디광장, 공중화장실",O,X
썬 웰니스캠프,0,X,X,X,카페 ,O,X
신라스테이 플러스 이호테우,0,X,X,X,정보 없음,X,X
제주하늘바다,0,X,X,X,정보 없음,X,X
머큐어 앰배서더 제주,4,X,X,O,가라오케 룸,X,X
벨룸리조트,5,X,X,O,정보 없음,X,X
노꼬메펜션캠핑장,0,X,O,O,어린이 놀이시설/편의점,O,X
디어마이프렌즈,0,X,O,X,정보 없음,X,X
팜파스 호텔 제주,3,O,X,X,정보 없음,X,X
제주그믐,0,X,X,X,정보 없음,X,X
"하도야비어, 하도야베드민박",0,X,O,X,정보 없음,X,X
그레이스힐링,0,X,X,X,데크 자쿠지,X,X
담모라 호텔앤리조트,0,X,X,O,GS편의점/야외BBQ/무인라면가게/산방산치킨,O,X
코너스톤 스테이,0,X,X,X,"세탁기, 건조기 ",X,X
스테이어 리틀롱거,0,X,X,X,정보 없음,O,X
금능이큐스테이호텔,0,X,O,X,정보 없음,X,X
옵데가 바이 에퀴녹스,0,X,O,X,정보 없음,X,X
제주애물들다,0,X,O,X,정보 없음,X,X
제주애빛나다,0,X,O,X,정보 없음,X,X
제주애설레다,0,X,O,X,정보 없음,X,X
리틀화이트(폐업),0,X,O,X,정보 없음,X,X
애견동반 상추네,0,X,O,X,정보 없음,X,X
아란치아,0,X,O,X,정보 없음,X,X
일이오구스튜디오(폐업),0,X,O,X,정보 없음,X,X
제이펜션,0,X,O,X,정보 없음,X,X
드라마2015펜션,0,X,X,X,주차장,X,X
담제,0,X,X,X,정보 없음,X,X
휴양펜션 돌과바람,0,X,X,X,정보 없음,X,X
안트레 펜션,0,X,X,X,정보 없음,X,X
쥬빌리펜션,0,X,X,X,정보 없음,X,X
도일모텔,0,X,X,X,정보 없음,X,X
빠담빠담게스트하우스,0,X,X,X,정보 없음,X,X
쇠소깍올레민박,0,X,X,X,정보 없음,X,X
Jeju in aA게스트하우스,0,X,X,X,정보 없음,X,X
블랑게스트하우스,0,X,X,X,정보 없음,X,X
엘마르게스트하우스,0,X,X,X,정보 없음,X,X
중문스테이,0,X,X,X,정보 없음,X,X
달달하우스,0,X,X,X,정보 없음,X,X
보타니1596,0,X,X,X,정보 없음,X,X
비비엔다(폐업),0,X,X,X,정보 없음,X,X
비안,0,X,X,X,정보 없음,X,X
제주샘모루펜션,0,X,X,X,정보 없음,X,X
이쁜새펜션,0,X,X,X,정보 없음,X,X
끄라비펜션,0,X,X,X,정보 없음,X,X
제주도유,0,X,X,X,정보 없음,X,X
제주 해피펜션,0,X,X,X,정보 없음,X,X
덕후게스트하우스,0,X,X,X,정보 없음,X,X
골든튤립호텔,0,X,X,X,정보 없음,X,X
건축학개론펜션,0,X,X,X,정보 없음,X,X
초원게스트하우스,0,X,X,X,정보 없음,X,X
오름게스트하우스,0,X,X,X,정보 없음,X,X
달빛정원게스트하우스,0,X,X,X,정보 없음,X,X
코시롱게스트하우스,0,X,X,X,정보 없음,X,X
팜핑제주,0,X,X,X,정보 없음,X,X
브릭216,0,X,X,X,정보 없음,X,X
블라제리조트,0,X,X,X,정보 없음,X,X
섭지코지하우스,0,X,X,X,정보 없음,X,X
천상의노을,0,X,X,X,정보 없음,X,X
라메종베니 두지엠,0,X,X,X,정보 없음,X,X
로즈비치,0,X,X,X,정보 없음,X,X
더캐슬,0,X,X,X,정보 없음,X,X
동막골펜션,0,X,X,X,정보 없음,X,X
비오하우스,0,X,X,X,정보 없음,X,X
나무이야기게스트하우스,0,X,X,X,정보 없음,X,X
놀이터게스트하우스,0,X,X,X,정보 없음,X,X
선샤인호텔,0,X,X,X,정보 없음,X,X
에스호텔,0,X,X,X,정보 없음,X,X
호텔펄리플러스,0,X,X,X,정보 없음,X,X
제주 메이 더 호텔 카라반빌리지,0,X,X,X,정보 없음,X,X
제주필하우스,0,X,X,X,정보 없음,X,X
제주베스트힐 펜션&글램핑,0,X,X,X,정보 없음,X,X
나인스파빌,0,X,X,X,정보 없음,X,X
펄호텔제주,0,X,X,O,정보 없음,X,X
엠버호텔 센트럴,0,X,X,X,정보 없음,X,X
프라이빗리조트,0,X,X,X,정보 없음,X,X
로그하우스,0,X,X,X,정보 없음,X,X
바다올레,0,X,X,X,정보 없음,X,X
범섬풍경,0,X,X,X,정보 없음,X,X
와락 게스트하우스,0,X,X,X,정보 없음,X,X
제주금산펜션,0,X,X,X,정보 없음,X,X
안녕제주,0,X,X,X,정보 없음,X,X
언니게스트하우스,0,X,X,X,정보 없음,X,X
라오체리조트,0,X,X,X,정보 없음,X,X
글라라의집,0,X,X,X,정보 없음,X,X
산방산클립게스트하우스,0,X,X,X,정보 없음,X,X
안나106,0,X,X,X,정보 없음,X,X
베이힐 풀앤빌라,0,X,X,X,정보 없음,X,X
아이리스호텔,0,X,X,X,정보 없음,X,X
포지타노인제주,0,X,X,X,정보 없음,X,X
오랑제리펜션,0,X,X,X,정보 없음,X,X
디아일랜드마리나,0,X,X,X,정보 없음,X,X
메종드오조락,0,X,X,X,정보 없음,X,X
물메랑,0,X,X,X,정보 없음,X,X
보물섬,0,X,X,X,정보 없음,X,X
삼보민박,0,X,X,X,정보 없음,X,X
굿데이 펜션,0,X,X,X,정보 없음,X,X
노을과포도향기,0,X,X,X,정보 없음,X,X
드림캐슬,0,X,X,X,정보 없음,X,X
메이더호텔,0,X,X,X,정보 없음,X,X
섬타임즈제주,0,X,X,X,정보 없음,X,X
노블레스호텔,0,X,X,X,정보 없음,X,X
봄 그리고 가을리조트 ,0,X,X,X,정보 없음,O,X
송정게스트하우스,0,X,X,X,정보 없음,X,X
디오션힐,0,X,X,X,정보 없음,X,X
아이존호텔,0,X,X,X,정보 없음,X,X
호텔W,0,X,X,X,정보 없음,X,X
탱자탱자게스트하우스,0,X,X,X,정보 없음,X,X
스카이워커,0,X,X,X,정보 없음,X,X
비지터게스트하우스,0,X,X,X,정보 없음,X,X
랑 글램핑,0,X,X,X,정보 없음,X,X
쉼게스트하우스,0,X,X,X,정보 없음,X,X
플로라제이드림호텔,0,X,X,X,정보 없음,X,X
다올제민박,0,X,X,X,정보 없음,X,X
Oh! 세화! (오세화게스트하우스),0,X,X,X,정보 없음,X,X
올리수펜션,0,X,X,X,정보 없음,O,X
제주스테이비우다,0,X,X,X,정보 없음,X,X
메이저호텔,0,X,X,X,정보 없음,X,X
여울목게스트하우스(월정리),0,X,X,X,정보 없음,X,X
1915 지오하우스,0,X,X,X,정보 없음,X,X
나무사이로햇살이,0,X,X,X,정보 없음,X,X
제주에살다,0,X,X,X,정보 없음,X,X
고망난돌민박가든,0,X,X,X,정보 없음,X,X
사차원게스트하우스,0,X,X,X,정보 없음,X,X
롯데리조트제주 아트빌라스,0,X,X,X,정보 없음,X,X
알로하민박,0,X,X,X,정보 없음,X,X
활엽수 게스트하우스,0,X,X,X,정보 없음,X,X
고불락하우스,0,X,X,X,정보 없음,X,X
도도펜션,0,X,X,X,정보 없음,X,X
발리호텔,0,X,X,X,정보 없음,X,X
친친하우스,0,X,X,X,정보 없음,X,X
김녕한옥 용암정원,0,X,X,X,정보 없음,X,X
나미송 머무는 곳,0,X,X,X,정보 없음,X,X
휘닉스 아일랜드 제주,0,X,X,X,정보 없음,X,X
린든호스텔,0,X,X,X,정보 없음,X,X
제주파인비치펜션,0,X,X,X,정보 없음,X,X
함덕삼다펜션,0,X,X,X,정보 없음,X,X
스톤성민박,0,X,X,X,정보 없음,X,X
제주 야원독채펜션,0,X,X,X,정보 없음,X,X
파도봐 펜션,0,X,X,X,정보 없음,X,X
쉼표있는뜨락,0,X,X,X,정보 없음,X,X
슬리퍼게스트하우스,0,X,X,X,정보 없음,X,X
약천골민박,0,X,X,X,정보 없음,X,X
푸르미르 펜션,0,X,X,X,정보 없음,X,X
한옥호텔 한라궁,0,X,X,X,정보 없음,X,X
구름비낭펜션,0,X,X,X,정보 없음,X,X
숨게스트하우스 제주공항점,0,X,X,X,정보 없음,X,X
제주KAL호텔,5,X,X,X,정보 없음,X,X
제주야자원,0,X,X,X,정보 없음,X,X
연이네다락방 게스트하우스,0,X,X,X,정보 없음,X,X
오션하우스,0,X,X,X,정보 없음,X,X
웰리조트,0,X,X,X,정보 없음,X,X
허브펜션 오즈,0,X,X,X,정보 없음,X,X
제주솔향기펜션,0,X,X,X,정보 없음,X,X
토끼섬게스트하우스,0,X,X,X,정보 없음,X,X
토리코티지카레클린트,0,X,X,X,정보 없음,X,X
한옥휴양타운펜션,0,X,X,X,정보 없음,X,X
몽쉘게스트하우스,0,X,X,X,정보 없음,X,X
더클라우드호텔,0,X,X,X,정보 없음,X,X
토마스하우스,0,X,X,X,정보 없음,X,X
제주통나무휴양펜션,0,X,X,X,정보 없음,X,X
A COTE 아꼬떼하우스,0,X,X,X,정보 없음,X,X
호텔레오,4,X,X,X,정보 없음,X,X
그린사이드펜션,0,X,X,X,정보 없음,X,X
뉴그린모텔,0,X,X,X,정보 없음,X,X
쁘띠제주빅터,0,X,X,X,정보 없음,X,X
달빛바다펜션,0,X,X,X,정보 없음,X,X
편백나무 한옥펜션 먼나머루,0,X,X,X,정보 없음,X,X
BK호텔제주,0,X,X,X,정보 없음,X,X
까사올라게스트하우스,0,X,X,X,정보 없음,X,X
나무이야기게스트하우스 3호점,0,X,X,X,정보 없음,X,X
미도모텔,0,X,X,X,정보 없음,X,X
이야기별방,0,X,X,X,정보 없음,X,X
제주나인부띠끄호텔,0,X,X,X,정보 없음,X,X
바우하우스,0,X,X,X,정보 없음,X,X
사쿠라모텔,0,X,X,X,정보 없음,X,X
햇살정원 제주캠핑,0,X,X,X,정보 없음,X,X
동해모텔,0,X,X,X,정보 없음,X,X
쏠레 민박,0,X,X,X,정보 없음,X,X
하루앤하루,0,X,X,X,정보 없음,X,X
이로제주,0,X,X,X,정보 없음,X,X
해뜨는집 (남원),0,X,X,X,정보 없음,X,X
우리두리게스트하우스,0,X,X,X,정보 없음,X,X
부르네스테이,0,X,X,X,정보 없음,X,X
제주인호텔,0,X,X,X,정보 없음,X,X
씨엘블루호텔,0,X,X,X,정보 없음,X,X
씨앤호텔,0,X,X,X,정보 없음,X,X
베니키아호텔제주,0,X,X,X,정보 없음,X,X
재즈마을리조트,0,X,X,X,정보 없음,X,X
해성펜션,0,X,X,X,정보 없음,X,X
호끌락80번지,0,X,X,X,정보 없음,X,X
제주황토펜션,0,X,X,X,정보 없음,X,X
파파야게스트하우스 펜션,0,X,X,X,정보 없음,X,X
스프링데일골프앤리조트,0,X,X,X,정보 없음,X,X
미라클게스트하우스,0,X,X,X,정보 없음,X,X
애월애휴양펜션,0,X,X,X,정보 없음,X,X
달빛빌리지,0,X,X,X,정보 없음,X,X
루시드엠,0,X,X,X,정보 없음,X,X
꿀잠자리,0,X,X,X,정보 없음,X,X
아리,0,X,X,X,정보 없음,X,X
폴리폴리,0,X,X,X,정보 없음,X,X
대명리조트 제주,0,X,X,X,정보 없음,X,X
코자호텔,0,X,X,X,정보 없음,X,X
메종드판포,0,X,X,X,정보 없음,X,X
유월그리고열두마루,0,X,X,X,정보 없음,X,X
패밀리아펜션,0,X,X,X,정보 없음,X,X
클로버비앤비,0,X,X,X,정보 없음,X,X
중문훼미리리조트,0,X,X,X,정보 없음,X,X
엘린호텔,0,X,X,X,정보 없음,X,X
모두올레 애견펜션,0,X,X,X,정보 없음,X,X
여행스케치,0,X,X,X,정보 없음,X,X
하녹펜션,0,X,X,X,정보 없음,X,X
더뷰리조트,0,X,X,X,정보 없음,X,X
라파로마휴양펜션,0,X,X,X,정보 없음,X,X
포시즌호텔,0,X,X,X,정보 없음,X,X
초,0,X,X,X,정보 없음,X,X
성산아침노을펜션,0,X,X,X,정보 없음,X,X
제주이야기펜션,0,X,X,X,정보 없음,X,X
오리엔탈호텔,5,X,X,X,정보 없음,X,X
호텔난타,0,X,X,X,정보 없음,X,X
제주애,0,X,X,X,정보 없음,X,X
레이크힐스 제주 리조트,0,X,X,X,정보 없음,X,X
그림같은집,0,X,X,X,정보 없음,X,X
소랑풀빌라,0,X,X,X,정보 없음,X,X
중문빌리지펜션,0,X,X,X,정보 없음,X,X
산토리니 펜션,0,X,X,X,정보 없음,X,X
도원펜션,0,X,X,X,정보 없음,X,X
애월포구풍경,0,X,X,X,정보 없음,X,X
바다와 공원,0,X,X,X,정보 없음,X,X
소담펜션,0,X,X,X,정보 없음,X,X
제주란펜션,0,X,X,X,정보 없음,X,X
비레이지,0,X,X,X,정보 없음,X,X
헤리티지,0,X,X,X,정보 없음,X,X
아쿠아뷰티크,0,X,X,X,정보 없음,X,X
돈내코힐 리조트,0,X,X,X,정보 없음,X,X
리치웨이 펜션,0,X,X,X,정보 없음,X,X
쉴만한 물가,0,X,X,X,정보 없음,X,X
일출썬 펜션,0,X,X,X,정보 없음,X,X
제주성산골든튤립호텔,0,X,X,X,정보 없음,X,X
황토골,0,X,X,X,정보 없음,X,X
제주공항 고추잠자리 게스트하우스,0,X,X,X,정보 없음,X,X
하얀도화지,0,X,X,X,정보 없음,X,X
제주바다펜션,0,X,X,X,정보 없음,X,X
인제주,0,X,X,X,정보 없음,X,X
엠스테이호텔,0,X,X,X,정보 없음,X,X
제주코기네,0,X,X,X,정보 없음,X,X
하도리일번지,0,X,X,X,정보 없음,X,X
소풍BnB,0,X,X,X,정보 없음,X,X
아버지의 바다,0,X,X,X,정보 없음,X,X
바다숨소리스파펜션,0,X,X,X,정보 없음,X,X
바당정원펜션,0,X,X,X,정보 없음,X,X
나날 게스트하우스,0,X,X,X,정보 없음,X,X
동양콘도,0,X,X,X,정보 없음,X,X
꿈꾸는섬 게스트하우스,0,X,X,X,정보 없음,X,X
비고르,0,X,X,X,정보 없음,X,X
아라벨롱 게스트하우스,0,X,X,X,정보 없음,X,X
제주휴리조트(폐업),0,X,X,X,정보 없음,X,X
해바라기 펜션,0,X,X,X,정보 없음,X,X
오빌하우스,0,X,X,X,정보 없음,X,X
제주마리나관광호텔,3,X,X,X,정보 없음,X,X
펜션연리,0,X,X,X,정보 없음,X,X
포시즌펜션,0,X,X,X,정보 없음,X,X
금서방네이층집,0,X,X,X,정보 없음,X,X
해성파크텔,0,X,X,X,정보 없음,X,X
제주부영호텔엔리조트,0,X,X,X,정보 없음,X,X
테디밸리 골프앤리조트,0,X,X,X,정보 없음,X,X
아스타호텔,0,X,X,X,정보 없음,X,X
뉴크라운호텔,0,X,X,X,정보 없음,X,X
제주 호텔 더원,0,X,X,X,정보 없음,X,X
디아넥스 호텔,0,X,X,X,정보 없음,X,X
비파민박,0,X,X,X,정보 없음,X,X
제주아이비호텔,0,X,X,X,정보 없음,X,X
아올키즈펜션,0,X,X,X,정보 없음,X,X
빌림,0,X,X,X,정보 없음,X,X
산호상점&하우스,0,X,X,X,정보 없음,X,X
여래게스트하우스,0,X,X,X,정보 없음,X,X
더블루제주호텔,0,X,X,X,정보 없음,X,X
라벤다호텔,0,X,X,X,정보 없음,X,X
바다해호텔,0,X,X,X,정보 없음,X,X
피노호텔,0,X,X,X,정보 없음,X,X
호텔 리젠트마린,0,X,X,X,정보 없음,X,X
레지나펜션,0,X,X,X,정보 없음,X,X
동도리동하우스,0,X,X,X,"주차장,개별테라스",X,X
제주블루앤씨펜션,0,X,O,X,정보 없음,X,X
자장자장펜션,0,X,X,X,정보 없음,X,X
한화리조트 제주,0,O,O,X,정보 없음,X,X
제주동문게스트하우스,0,X,X,X,"1층 편의점, 7층 휴게실, 빨래방(유료) 운영",X,X
디포레카라반파크,0,X,X,X,정보 없음,X,X
adc,1,O,X,O,1,O,X
다인리조트,0,X,X,O,"야외라이브가든(BBQ), 야외수영장, 키즈풀장, 비즈니스실, 세미나장, ",X,X
아를하우스,0,X,X,X,정보 없음,X,X
제주영숙,0,X,X,X,정보 없음,X,X
다인오세아노 호텔,4,X,X,X,정보 없음,X,X
바랑쉬게스트하우스,0,X,X,X,정보 없음,O,X
서귀포호텔  카라반,0,X,X,X,정보 없음,X,X
제주리조트,3,X,X,X,정보 없음,O,X
제주파인비치카라반,0,X,X,X,정보 없음,X,X
성게돌 펜션 ,0,X,O,X,정보 없음,O,X
호텔 스카브로,0,X,X,O,정보 없음,O,X
안녕김녕sea,0,X,X,X,카페'낯선여유',O,X
러브제주게스트하우스 산방산지점,0,X,X,X,카페,O,X
서건도 카라반,0,X,O,X,정보 없음,O,X
러블리에스메랄다,0,X,X,X,정보 없음,O,X
제주가좋아서 펜션,0,X,X,X,정보 없음,X,X
혼디펜션,0,X,X,X,정보 없음,O,X
하원가휴양펜션,0,X,X,X,"원목그네,엘리베이터",O,X
느르왓 민박,0,X,X,X,정보 없음,X,X
썬앤문리조트,0,X,X,X,정보 없음,X,X
솔로게스트하우스 앤 두루두루펜션,2,X,O,X,정보 없음,X,X
에코그린리조트,3,O,X,O,정보 없음,O,X
에코힐링하우스,1,X,O,X,정보 없음,O,X
그린트리인서귀포호텔,2,O,X,O,정보 없음,O,X
하마다 게스트하우스,0,X,X,X,정보 없음,X,X
바람이분다 게스트하우스,0,X,X,X,정보 없음,X,X
바르게스트하우스,0,X,X,X,정보 없음,X,X
언니네여인숙,0,X,X,X,정보 없음,X,X
오조리337 게스트하우스,0,X,X,X,정보 없음,X,X
개스트하우스 말2,0,X,O,X,정보 없음,X,X
하도하도 3200,0,X,X,X,정보 없음,X,X
조천댁,0,X,X,X,정보 없음,X,X
더프라이빗,0,X,X,X,정보 없음,X,X
스테이달하,0,X,X,X,정보 없음,X,X
위미모루왓,0,X,X,X,텃밭,O,X
제주해나루,0,X,X,X,정보 없음,O,X
하이디펜션,0,X,X,X,정보 없음,X,X
더블루민박,0,X,X,X,정보 없음,X,X
하티게스트하우스,0,X,X,X,정보 없음,X,X
코즈게스트하우스,5,X,X,O,전기차충전기,O,X
가비오타 펜션,0,X,X,X,정보 없음,O,X
월정플레이스,0,X,X,X,정보 없음,O,X
뜨레향 펜션,0,X,X,X,정보 없음,O,X
눈의꽃 하우스,0,X,X,X,정보 없음,O,X
언덕위에 빨간지붕,0,X,X,X,정보 없음,O,X
아템파우제,0,X,X,X,정보 없음,X,X
라신비,0,X,X,X,정보 없음,X,X
뉴제주호텔,0,X,X,X,정보 없음,X,X
블루팜파크,0,X,X,X,정보 없음,X,X
에코힐글램핑,0,X,X,X,정보 없음,X,X
숲골 독채펜션,0,X,X,X,정보 없음,X,X
조용한 게스트하우스 산방산점,0,X,X,X,정보 없음,X,X
휴일기록,0,X,X,X,정보 없음,X,X
제주푸른호텔,3,O,X,X,"각 객실 드럼세탁기 비치,주차장완비,",X,X
제주와일드,0,X,X,X,정보 없음,X,X
신신호텔 제주월드컵,4,X,X,O,정보 없음,O,X
롯데리조트 제주 아트빌라스,0,X,O,X,정보 없음,X,O
해뜨는초록마을펜션,0,X,X,X,간이골프연습장,O,X
이븐하게 익은 제주 프리미엄 숙소1,0,X,X,X,정보 없음,X,X
신신호텔 천지연,4,X,X,O,정보 없음,X,X
파미에 애월,0,X,X,X,정보 없음,X,X
제주은빌레 휴양펜션,0,X,X,O,정보 없음,X,X
디아일랜드블루호텔,0,X,X,O,"레스토랑, 셀프세탁실, 편의점, 안마의자, ",X,X
청수곶,0,X,X,X,정보 없음,X,X
애월하타,0,X,O,X,정보 없음,X,X
훈데르트힐즈,0,X,X,O,정보 없음,X,X
제주봄 뮤지엄 스테이,3,X,X,O,미술관,O,X
더맨션 이이공공,0,X,O,X,정보 없음,X,X
하이제인,0,X,X,X,공용공간,X,X
JW 메리어트 제주 리조트 & 스파,0,X,X,X,정보 없음,X,X
기린빌라리조트,0,O,O,X,정보 없음,X,X
